slug,latin_name,common_name,source,inat_taxon_id
celypha-lacunana,Celypha lacunana,Common Marble,inat,205971
crassa-unitella,Crassa unitella,Golden-brown Tubic,inat,481943
cantharis-livida,Cantharis livida,,unresolved,
eudonia-delunella,Eudonia delunella,Pied Grey,inat,470894
megachile-spec,Megachile spec.,"Leafcutter, Mortar, and Resin Bees",inat,52784
jacobaea-vulgaris-subsp-dunensis,Jacobaea vulgaris subsp. dunensis,,unresolved,
celypha-striana,Celypha striana,Barred Marble,inat,321943
ichneumon-xanthorius,Ichneumon xanthorius,,unresolved,
oecetis-ochracea,Oecetis ochracea,,unresolved,
oedemera-lurida-virescens,Oedemera lurida/virescens,Greenish Oedemera,inat,451389
philodromus-spec,Philodromus spec.,Running Crab Spiders,inat,56611
meconema-spec,Meconema spec.,Quiet-calling Katydids,inat,523036
crambus-pascuella,Crambus pascuella,Inlaid Grass-veneer,inat,333907
lucilia-spec,Lucilia spec.,Greenbottle Flies,inat,61858
yponomeuta-spec,Yponomeuta spec.,Small Ermine Moths,inat,56198
clepsis-dumicolana,Clepsis dumicolana,,unresolved,
lagria-spec,Lagria spec.,,unresolved,
sphaerophoria-spec,Sphaerophoria spec.,Globetails,inat,52965
altica-spec,Altica spec.,Metallic Flea Beetles,inat,173228
coleophora-spec,Coleophora spec.,Casebearers,inat,87566
acleris-forsskaleana,Acleris forsskaleana,Maple Leaftier Moth,inat,342688
anthomyiidae-indet,Anthomyiidae indet.,Root-maggot Flies,inat,49996
chelostoma-rapunculi,Chelostoma rapunculi,Rampion Scissor Bee,inat,357471
crambus-perlella,Crambus perlella,Yellow Satin Veneer,inat,323781
sarcophaga-spec,Sarcophaga spec.,Common Flesh Flies,inat,120489
acentria-ephemerella,Acentria ephemerella,Water Veneer,inat,417098
cepaea-spec,Cepaea spec.,,unresolved,
rhinophora-lepida,Rhinophora lepida,Pouting Woodlouse-fly,inat,625003
scymninae-indet,Scymninae indet.,,unresolved,
thereva-nobilitata,Thereva nobilitata,Common Stiletto,inat,362410
enoplognatha-ovata-latimana,Enoplognatha ovata/latimana,Candy-striped Spider complex,inat,1255692
malva-alcea-malva-moschata,Malva alcea + Malva moschata,,unresolved,
platyedra-subcinerea,Platyedra subcinerea,Cotton stem moth,inat,466728
schoenobius-gigantella,Schoenobius gigantella,Giant Grass-veneer,inat,325433
ancylis-achatana,Ancylis achatana,Triangle-marked Roller,inat,359096
anthomyia-procellaris,Anthomyia procellaris,,unresolved,
hedya-salicella,Hedya salicella,White-backed Marble,inat,470719
malva-sylvestris-cultivar,Malva sylvestris (cultivar),,unresolved,
panorpa-vulgaris,Panorpa vulgaris,Meadow Scorpionfly,inat,123579
scoparia-ambigualis,Scoparia ambigualis,European Common Grey,inat,324136
ancistrocerus-spec,Ancistrocerus spec.,,unresolved,
auplopus-carbonarius,Auplopus carbonarius,Potter Spider Wasp,inat,466448
borkhausenia-nefrax,Borkhausenia nefrax,,unresolved,
catoptria-verellus,Catoptria verellus,Marbled Grass-veneer,inat,324616
colletes-spec,Colletes spec.,Beach Dune Cellophane Bee,inat,504134
eudonia-lacustrata,Eudonia lacustrata,Little grey,inat,361095
melilotus-altissimus-melilotus-officinalis,Melilotus altissimus + Melilotus officinalis,,unresolved,
mononychus-punctumalbum,Mononychus punctumalbum,Iris weevil,inat,464843
nephopterix-angustella,Nephopterix angustella,Spindle Knot-horn,inat,325966
tripleurospermum-maritimum-matricaria-chamomilla,Tripleurospermum maritimum + Matricaria chamomilla,,unresolved,
trypoxylon-spec,Trypoxylon spec.,,unresolved,
argyresthia-brockeella,Argyresthia brockeella,Gold-ribbon Argent,inat,324285
cantharis-spec,Cantharis spec.,,unresolved,
dolichomitus-complex,Dolichomitus-complex,,unresolved,
evergestis-extimalis,Evergestis extimalis,Marbled Yellow Pearl,inat,324286
evergestis-limbata,Evergestis limbata,Dark Bordered Pearl,inat,324104
gypsonoma-dealbana,Gypsonoma dealbana,Common Cloaked Shoot,inat,324316
leptura-quadrifasciata,Leptura quadrifasciata,four-banded longhorn beetle,inat,325731
sapygina-decemguttata,Sapygina decemguttata,,unresolved,
acleris-hastiana,Acleris hastiana,Sallow Button,inat,258456
arion-rufus-vulgaris,Arion rufus/vulgaris,Large Red Slug,inat,1551690
bucculatrix-cidarella,Bucculatrix cidarella,Alder Bent-wing,inat,522712
eumenes-spec,Eumenes spec.,,unresolved,
lauxaniidae-indet,Lauxaniidae indet.,Lauxaniid Flies,inat,118991
leptoceridae-indet,Leptoceridae indet.,Long-horned Caddisflies,inat,85862
liocoris-tripustulatus,Liocoris tripustulatus,Three Spotted Nettle Bug,inat,447128
macaroeris-nidicolens,Macaroeris nidicolens,Mile End Jumping Spider,inat,204888
scoparia-eudonia-spec,Scoparia/Eudonia spec.,,unresolved,
syrphus-spec,Syrphus spec.,Common Flower Flies,inat,52489
trichius-gallicus-gallicus,Trichius gallicus gallicus,French Flower Chafer,inat,556666
aglossa-caprealis,Aglossa caprealis,Stored grain moth,inat,212728
aglossa-pinguinalis,Aglossa pinguinalis,Large Tabby,inat,212729
agraylea-spec,Agraylea spec.,,unresolved,
anacampsis-blattariella,Anacampsis blattariella,birch sober,inat,560255
calamotropha-paludella,Calamotropha paludella,Bulrush Veneer,inat,199861
calliphora-spec,Calliphora spec.,Bluebottle Flies,inat,70152
campyloneura-virgula,Campyloneura virgula,,unresolved,
carpatolechia-fugitivella,Carpatolechia fugitivella,Elm Groundling,inat,469222
clogmia-albipunctata,Clogmia albipunctata,Bathroom Moth Fly,inat,258813
conocephalus-spec,Conocephalus spec.,Lesser Meadow Katydids,inat,118890
demeijerea-rufipes,Demeijerea rufipes,,unresolved,
dianthus-giganteus,Dianthus giganteus,Giant Pink,inat,486117
dioctria-hyalipennis,Dioctria hyalipennis,Stripe-legged Robber Fly,inat,135239
gelechiidae-indet,Gelechiidae indet.,Twirler Moths,inat,55519
leptocerus-tineiformis,Leptocerus tineiformis,,unresolved,
mompha-epilobiella,Mompha epilobiella,Common Cosmet,inat,320167
notocelia-uddmanniana,Notocelia uddmanniana,Bramble Shoot Moth,inat,481213
persicaria-lapathifolia-persicaria-maculosa,Persicaria lapathifolia + Persicaria maculosa,,unresolved,
swammerdamia-paraswammerdamia-spec,Swammerdamia/Paraswammerdamia spec.,,unresolved,
teleiodes-vulgella,Teleiodes vulgella,common groundling,inat,324581
tephritis-bardanae,Tephritis bardanae,Burdock Fly,inat,546370
tineola-bisselliella,Tineola bisselliella,Webbing Clothes Moth,inat,232606
anobiidae-indet,Anobiidae indet.,"Deathwatch, Spider, and Wood-borer Beetles",inat,82167
auricularia-mesenterica,Auricularia mesenterica,,unresolved,
colletes-daviesanus-fodiens-similis,Colletes daviesanus/fodiens/similis,Davies' Cellophane Bee,inat,127737
coprinellus-micaceus,Coprinellus micaceus,mica cap,inat,56318
deraeocoris-flavilinea,Deraeocoris flavilinea,,unresolved,
dichrorampha-spec,Dichrorampha spec.,,unresolved,
dicyphus-epilobii,Dicyphus epilobii,,unresolved,
ectemnius-spec,Ectemnius spec.,,unresolved,
epinotia-abbreviana,Epinotia abbreviana,Brown Elm Bell,inat,360104
eratigena-spec,Eratigena spec.,,unresolved,
eucosma-cana,Eucosma cana,Hoary Bell,inat,324214
heterotoma-planicornis,Heterotoma planicornis,Common Flathorn Plant Bug,inat,324676
linyphiidae-indet,Linyphiidae indet.,Sheetweb and Dwarf Weavers,inat,67599
nephrotoma-spec,Nephrotoma spec.,Tiger Crane Flies,inat,60417
notoxus-monoceros,Notoxus monoceros,monoceros beetle,inat,131885
orthotrichia-costalis,Orthotrichia costalis,,unresolved,
paraswammerdamia-nebulella,Paraswammerdamia nebulella,Hawthorn Ermel,inat,494601
phyllobius-pilicornis,Phyllobius pilicornis,,unresolved,
pimplinae-indet,Pimplinae indet.,,unresolved,
planuncus-tingitanus-s-l,Planuncus tingitanus s.l.,,unresolved,
populus-x-canadensis-p-deltoides-x-p-nigra,Populus x canadensis (P. deltoides x P. nigra),,unresolved,
prays-ruficeps,Prays ruficeps,Dark Ash Bud Moth,inat,357588
rhagio-tringarius,Rhagio tringarius,Marsh Snipe Fly,inat,321826
sciapus-spec,Sciapus spec.,,unresolved,
scythris-limbella,Scythris limbella,Chenopodium Scythris Moth,inat,230748
silis-ruficollis,Silis ruficollis,,unresolved,
stenagostus-rhombeus,Stenagostus rhombeus,V click beetle,inat,471726
symmorphus-bifasciatus,Symmorphus bifasciatus,Willow Mason Wasp,inat,323561
tenthredo-scrophulariae,Tenthredo scrophulariae,Figwort sawfly,inat,55966
torymus-spec,Torymus spec.,,unresolved,
acleris-holmiana,Acleris holmiana,White-triangle Button,inat,324577
agonopterix-nervosa,Agonopterix nervosa,Gorse Tip Moth,inat,345958
anisodactylus-binotatus,Anisodactylus binotatus,,unresolved,
apomyelois-bistriatella,Apomyelois bistriatella,Heath Knot-horn,inat,214025
aristotelia-ericinella,Aristotelia ericinella,heather neb,inat,805240
arocatus-melanocephalus,Arocatus melanocephalus,Elm Seed Bug,inat,505749
athalia-spec,Athalia spec.,Heath Fritillary,inat,132875
caloptilia-semifascia,Caloptilia semifascia,Maple Slender,inat,906912
chilo-phragmitella,Chilo phragmitella,Wainscot Veneer,inat,325424
chrysoperla-carnea-s-l,Chrysoperla carnea s.l.,,unresolved,
crabro-peltarius,Crabro peltarius,,unresolved,
ctenophora-festiva,Ctenophora festiva,,unresolved,
dichrorampha-petiverella,Dichrorampha petiverella,Common Drill,inat,362737
dolichopus-spec,Dolichopus spec.,,unresolved,
ecnomus-tenellus,Ecnomus tenellus,,unresolved,
elateridae-indet,Elateridae indet.,Click Beetles,inat,53248
empoasca-spec,Empoasca spec.,,unresolved,
enoplognatha-spec,Enoplognatha spec.,,unresolved,
ethmia-quadrillella,Ethmia quadrillella,,unresolved,
grypocoris-sexguttatus,Grypocoris sexguttatus,,unresolved,
harpalus-spec,Harpalus spec.,,unresolved,
heliophanus-spec,Heliophanus spec.,Sun Jumping Spiders,inat,141760
hemicrepidius-niger,Hemicrepidius niger,,unresolved,
heterocerus-spec,Heterocerus spec.,,unresolved,
holopyga-generosa,Holopyga generosa,,unresolved,
julidae-indet,Julidae indet.,,unresolved,
kleidocerys-resedae,Kleidocerys resedae,Birch Catkin Bug,inat,261586
lathronympha-strigana,Lathronympha strigana,Red Piercer,inat,326108
limoniidae-indet,Limoniidae indet.,Limoniid Crane Flies,inat,47992
macrosiphini,Macrosiphini,,unresolved,
metzneria-lappella,Metzneria lappella,Burdock Seedhead Moth,inat,118556
mompha-ochraceella,Mompha ochraceella,Buff Cosmet,inat,360078
muscidae-indet,Muscidae indet.,House Flies and Allies,inat,70144
palloptera-muliebris,Palloptera muliebris,,unresolved,
phycitodes-binaevella,Phycitodes binaevella,Ermine Knot-horn,inat,367043
ptychoptera-contaminata,Ptychoptera contaminata,orange-marked cranefly,inat,418158
rubus-sect-corylifolii-rubus-sect-rubus,Rubus sect. Corylifolii + Rubus sect. Rubus,,unresolved,
scymnus-interruptus,Scymnus interruptus,Red-flanked Scymnus,inat,343143
stenarella-domator,Stenarella domator,,unresolved,
synageles-spec,Synageles spec.,,unresolved,
trombidiidae-indet,Trombidiidae indet.,True Velvet Mites,inat,57652
acrobasis-repandana,Acrobasis repandana,Warted Knot-horn,inat,524813
adrastus-pallens,Adrastus pallens,small click beetle,inat,547646
agaricus-augustus,Agaricus augustus,The Prince,inat,49547
agromyza-reptans-pseudoreptans,Agromyza reptans/pseudoreptans,,unresolved,
amaurobius-spec,Amaurobius spec.,Lace web spiders,inat,127023
amauromyza-verbasci,Amauromyza verbasci,,unresolved,
anelosimus-vittatus,Anelosimus vittatus,Banded Comb-Footed Spider,inat,468120
anomaloninae-indet,Anomaloninae indet.,,unresolved,
anomoia-purmunda,Anomoia purmunda,Spectacled Berry Fly,inat,361783
aphidinae,Aphidinae,,unresolved,
archarius-crux,Archarius crux,,unresolved,
argyresthia-pygmaeella,Argyresthia pygmaeella,Sallow Argent,inat,214143
ascobolus-brantophilus,Ascobolus brantophilus,,unresolved,
blepharipa-pratensis,Blepharipa pratensis,,unresolved,
bolboschoenus-laticarpus,Bolboschoenus laticarpus,inland club-rush,inat,435864
brachmia-blandella,Brachmia blandella,gorse crest,inat,806559
caliothrips,Caliothrips,,unresolved,
caloptilia-stigmatella,Caloptilia stigmatella,Willow Leafcone Caterpillar Moth,inat,215900
centaurea-cyanus-cultivar,Centaurea cyanus (cultivar),,unresolved,
chromatomyia-primulae,Chromatomyia primulae,,unresolved,
chrysotus-spec,Chrysotus spec.,,unresolved,
cloeon-dipterum,Cloeon dipterum,Pond Olive,inat,217219
cryptocephalus-ocellatus,Cryptocephalus ocellatus,,unresolved,
ctenophora-pectinicornis,Ctenophora pectinicornis,orange-sided comb-horn,inat,467076
culex-pipiens-torrentium,Culex pipiens / torrentium,House Mosquito Complex,inat,1096295
dasineura-urticae,Dasineura urticae,Nettle Pouch Gall Midge,inat,416808
deutzia,Deutzia,,unresolved,
dianthus-spec-cultivar,Dianthus spec. (cultivar),,unresolved,
dicranopalpus-ramosus,Dicranopalpus ramosus,Fork-palped Harvestman Complex,inat,1506117
dicyphus-errans,Dicyphus errans,,unresolved,
dolerus-spec,Dolerus spec.,,unresolved,
dolichopus-claviger,Dolichopus claviger,,unresolved,
donacaula-forficella,Donacaula forficella,Pale Water-veneer,inat,333917
ectemnius-cavifrons,Ectemnius cavifrons,Garden Ectemnius,inat,130135
ectopsocus-petersi,Ectopsocus petersi,Peters' barklouse,inat,321933
edwardsiana-geometrica,Edwardsiana geometrica,,unresolved,
elachista-canapennella,Elachista canapennella,little dwarf,inat,363719
empis-livida,Empis livida,,unresolved,
enicospilus-ramidulus,Enicospilus ramidulus,,unresolved,
eryngium-bourgatii,Eryngium bourgatii,Pyrenean Eryngo,inat,208803
eucosma-campoliliana,Eucosma campoliliana,Marbled Bell,inat,527188
eupithecia-spec,Eupithecia spec.,Pug Moths,inat,123096
eutonia-barbipes,Eutonia barbipes,,unresolved,
flavoparmelia-soredians,Flavoparmelia soredians,Shadow Greenshield Lichen,inat,355350
fomoria-septembrella,Fomoria septembrella,Hypericum Pigmy,inat,1147800
gammarus-tigrinus,Gammarus tigrinus,,unresolved,
ganoderma-lipsiense,Ganoderma lipsiense,artist's bracket,inat,48473
gastrolepta-anthracina,Gastrolepta anthracina,,unresolved,
grapholita-janthinana,Grapholita janthinana,Pale-bordered Piercer,inat,1507296
gymnochiromyia,Gymnochiromyia,,unresolved,
harpella-forficella,Harpella forficella,,unresolved,
hercostomus-nigriplantis,Hercostomus nigriplantis,,unresolved,
hypericum-androsaemum-hypericum-hircinum-hypericum-x-inodorum,Hypericum androsaemum + Hypericum hircinum + Hypericum x inodorum,,unresolved,
iassus-lanio,Iassus lanio,oak leafhopper,inat,624495
iassus-scutellaris,Iassus scutellaris,elm leafhopper,inat,204778
icius-spec,Icius spec.,Striking Jumping Spiders,inat,172570
kalama-tricornis,Kalama tricornis,hairy lacebug,inat,707758
lamiastrum-galeobdolon-subsp-argentatum,Lamiastrum galeobdolon subsp. argentatum,,unresolved,
leccinum-scabrum-sl-incl-cyaneobasileucum-melaneum-schistophilum-variicolor,"Leccinum scabrum sl, incl. cyaneobasileucum, melaneum, schistophilum, variicolor",,unresolved,
lindneromyia-dorsalis,Lindneromyia dorsalis,,unresolved,
liophloeus-tessulatus,Liophloeus tessulatus,chequered weevil,inat,311242
lithobius-spec,Lithobius spec.,Typical Stone Centipedes,inat,122237
lozotaeniodes-formosana,Lozotaeniodes formosana,Orange Pine Tortrix,inat,475669
lygocoris-pabulinus,Lygocoris pabulinus,Common Green Capsid,inat,325541
macrocentrus-spec,Macrocentrus spec.,,unresolved,
macrophya-montana,Macrophya montana,Yellow-spotted Macrophya,inat,320947
malus-x-domestica,Malus x domestica,apple,inat,469472
meconema,Meconema,Quiet-calling Katydids,inat,523036
megaloceroea-recticornis,Megaloceroea recticornis,,unresolved,
megalocoleus-molliculus,Megalocoleus molliculus,,unresolved,
melanomya-nana,Melanomya nana,,unresolved,
microlinyphia-pusilla,Microlinyphia pusilla,,unresolved,
micromus-variegatus,Micromus variegatus,Variegated Brown Lacewing,inat,364111
mystacides-nigra,Mystacides nigra,,unresolved,
nemotelus-pantherinus,Nemotelus pantherinus,Fen Snout,inat,546367
neoascia-spec,Neoascia spec.,Fen Flies,inat,486780
nephrotoma-cornicina,Nephrotoma cornicina,,unresolved,
neurotoma-saltuum,Neurotoma saltuum,Social Pear Sawfly,inat,734712
oegoconia-deauratella,Oegoconia deauratella,Scarce Obscure Moth,inat,324767
oxybelus-bipunctatus,Oxybelus bipunctatus,,unresolved,
palloptera-ustulata,Palloptera ustulata,,unresolved,
panaeolina-foenisecii,Panaeolina foenisecii,Mower's Mushroom,inat,902551
parasola-plicatilis-sl-incl-galericuliformis-hercules-kuehneri-leiocephala-megasperma-schroeteri,"Parasola plicatilis sl, incl. galericuliformis, hercules, kuehneri, leiocephala, megasperma, schroeteri",,unresolved,
pemphredon-spec,Pemphredon spec.,Aphid Wasps,inat,363934
phaonia-spec,Phaonia spec.,,unresolved,
philodromus-aureolus,Philodromus aureolus,,unresolved,
philosepedon-spec,Philosepedon spec.,,unresolved,
phycitodes-spec,Phycitodes spec.,,unresolved,
physcia-adscendens,Physcia adscendens,Hooded Rosette Lichen,inat,124439
physconia-grisea,Physconia grisea,Grey Frost Lichen,inat,404864
phytocoris-ulmi,Phytocoris ulmi,,unresolved,
phytomyza-senecionis,Phytomyza senecionis,,unresolved,
pinalitus-cervinus,Pinalitus cervinus,,unresolved,
plagiognathus-arbustorum,Plagiognathus arbustorum,Common Nettle Flower Bug,inat,204590
plagiognathus-chrysanthemi,Plagiognathus chrysanthemi,Trefoil Plant Bug,inat,349332
platypalpus-spec,Platypalpus spec.,,unresolved,
pontania-proxima,Pontania proxima,Willow Redgall Sawfly,inat,935778
rhogogaster-spec,Rhogogaster spec.,,unresolved,
rilaena-triangularis,Rilaena triangularis,Spring Harvestman,inat,488349
rivellia-syngenesiae,Rivellia syngenesiae,,unresolved,
scoparia-basistrigalis,Scoparia basistrigalis,Base-lined Grey,inat,467933
segestria-bavarica,Segestria bavarica,,unresolved,
sisyra-nigra,Sisyra nigra,Black Spongillafly,inat,363245
sphaeroderma-testaceum,Sphaeroderma testaceum,,unresolved,
stenodema-laevigata,Stenodema laevigata,Grass bug,inat,469906
stenopelmus-rufinasus,Stenopelmus rufinasus,Azolla Weevil,inat,269435
stenotus-binotatus,Stenotus binotatus,Two-spotted Grass Bug,inat,321690
sylvicola-spec,Sylvicola spec.,,unresolved,
symmorphus-spec,Symmorphus spec.,,unresolved,
syrphini,Syrphini,,unresolved,
tephritis-neesii,Tephritis neesii,Oxeye Daisy Fly,inat,546371
tillus-elongatus,Tillus elongatus,,unresolved,
tinodes-waeneri,Tinodes waeneri,Small Red Sedge,inat,459194
trachelospermum,Trachelospermum,,unresolved,
triaxomera-parasitella,Triaxomera parasitella,Large Brindled Clothes Moth,inat,470648
typhlocybinae-indet,Typhlocybinae indet.,Microleafhoppers,inat,373577
vitula-biviella,Vitula biviella,Pine-blossom Knot-horn,inat,524828
volvariella-gloiocephala,Volvariella gloiocephala,Stubble Rosegill,inat,348720
xysticus-ulmi,Xysticus ulmi,Swamp Crab Spider,inat,496641
ypsolopha-dentella,Ypsolopha dentella,Honeysuckle Moth,inat,207523
ypsolopha-scabrella,Ypsolopha scabrella,Wainscot Smudge,inat,362642
abia-nitens,Abia nitens,Scabious Sawfly,inat,1404272
acanthus-hungaricus,Acanthus hungaricus,,unresolved,
acer-pseudoplatanus-f-aureovariegatum,Acer pseudoplatanus f. aureovariegatum,,unresolved,
achillea-millefolium-cultivar,Achillea millefolium (cultivar),,unresolved,
acleris-ferrugana,Acleris ferrugana,Rusty Oak Button,inat,417042
acleris-logiana,Acleris logiana,North American Black-headed Birch Leaffolder Moth,inat,823767
acrobasis-advenella,Acrobasis advenella,Grey Knot-horn,inat,324912
aculus-tetanothrix,Aculus tetanothrix,Willow Bead Gall Mite,inat,469076
adalia,Adalia,,unresolved,
aegopodium,Aegopodium,,unresolved,
aeshnidae-indet,Aeshnidae indet.,Darners,inat,51469
agaricus-bitorquis,Agaricus bitorquis,Pavement Mushroom,inat,58696
agaricus-spec,Agaricus spec.,field and button mushrooms,inat,49548
agelastica,Agelastica,,unresolved,
agonopterix-heracliana-ciliella,Agonopterix heracliana / ciliella,common flat-body,inat,325297
agonopterix-propinquella,Agonopterix propinquella,black-spot flat-body,inat,544650
agrilus,Agrilus,,unresolved,
agrilus-spec,Agrilus spec.,,unresolved,
agriphila-geniculea,Agriphila geniculea,Elbow-striped Grass-veneer,inat,334337
agriphila-inquinatella,Agriphila inquinatella,Barred Grass-veneer,inat,363626
agrocybe-dura,Agrocybe dura,Bearded Fieldcap,inat,354697
agromyza-flaviceps,Agromyza flaviceps,,unresolved,
agyneta,Agyneta,,unresolved,
aleiodes-spec,Aleiodes spec.,Common Mummy Wasps,inat,250685
amara-apricaria,Amara apricaria,Dusky Sun Beetle,inat,452359
amara-aulica,Amara aulica,Magnificent Sun Beetle,inat,130435
amara-spec,Amara spec.,Red amaranth,inat,52328
anania-crocealis,Anania crocealis,Ochreous Pearl,inat,1274223
anarsia-innoxiella,Anarsia innoxiella,Acer sober,inat,602635
ancylis-unguicella,Ancylis unguicella,,unresolved,
anodontini,Anodontini,,unresolved,
anoecia,Anoecia,,unresolved,
anthocomus-fasciatus,Anthocomus fasciatus,,unresolved,
anthrenus-pimpinellae,Anthrenus pimpinellae,,unresolved,
aphis-jacobaeae,Aphis jacobaeae,Ragwort Aphid,inat,508045
aphis-sambuci,Aphis sambuci,Elder Aphid,inat,467580
aphrodes-spec,Aphrodes spec.,,unresolved,
aplocera-spec,Aplocera spec.,,unresolved,
apolygus-lucorum,Apolygus lucorum,,unresolved,
aquarius,Aquarius,,unresolved,
aquilegia-vulgaris-cultivar,Aquilegia vulgaris (cultivar),,unresolved,
aradus-brenskei,Aradus brenskei,,unresolved,
araneus-spec,Araneus spec.,Angulate and Roundshouldered Orbweavers,inat,52629
archips-crataegana,Archips crataegana,Brown Oak Tortrix,inat,480413
arenaria-leptoclados-arenaria-serpyllifolia,Arenaria leptoclados + Arenaria serpyllifolia,Slender Sandwort,inat,371851
arge,Arge,American Herring Gull,inat,1578489
arge-cyanocrocea,Arge cyanocrocea,,unresolved,
arge-pagana,Arge pagana,,unresolved,
argogorytes-mystaceus,Argogorytes mystaceus,Two-girdled Digger Wasp,inat,451476
argyresthia-albistria,Argyresthia albistria,Purple Argent,inat,470960
argyresthia-goedartella,Argyresthia goedartella,Bronze Alder Moth,inat,214138
argyresthia-retinella,Argyresthia retinella,Netted Argent,inat,522730
argyrotaenia-ljungiana,Argyrotaenia ljungiana,Heather Tortrix,inat,460517
arma-custos,Arma custos,Dock Leaf Bug,inat,489279
arocatus-longiceps,Arocatus longiceps,plane groundbug,inat,451788
assara-terebrella,Assara terebrella,Dark Spruce Knot-horn,inat,324139
atractotomus-mali,Atractotomus mali,,unresolved,
atyaephyra-desmarestii,Atyaephyra desmarestii,European Freshwater Shrimp,inat,366174
aulagromyza-hendeliana,Aulagromyza hendeliana,,unresolved,
austrolimnophila-ochracea,Austrolimnophila ochracea,,unresolved,
ballus-chalybeius,Ballus chalybeius,Oak Jumping Spider,inat,494177
bathyphantes-gracilis,Bathyphantes gracilis,Gracile Sheet-web Weaver,inat,214900
beosus-maritimus,Beosus maritimus,coastal groundbug,inat,448027
beris-morrisii,Beris morrisii,Yellow-legged Black Legionnaire,inat,494770
betulapion-simile,Betulapion simile,Birch Catkin Weevil,inat,215168
bjerkandera-adusta,Bjerkandera adusta,Smoky polypore,inat,118038
bledius-spec,Bledius spec.,,unresolved,
boletus-erythropus,Boletus erythropus,Dotted Stem Bolete,inat,553907
boletus-luridus,Boletus luridus,Lurid Bolete,inat,824777
borkhausenia-fuscescens,Borkhausenia fuscescens,Small Dingy Tubic,inat,324697
brassicaceae-indet,Brassicaceae indet.,mustard family,inat,47204
brassiceae,Brassiceae,,unresolved,
bryotropha-basaltinella,Bryotropha basaltinella,thatch neb,inat,481971
byturus-spec,Byturus spec.,,unresolved,
caloptilia-spec,Caloptilia spec.,,unresolved,
candelariella-vitellina,Candelariella vitellina,Common Goldspeck,inat,182455
cantharis,Cantharis,,unresolved,
cantharis-flavilabris,Cantharis flavilabris,,unresolved,
carpocoris-spec,Carpocoris spec.,,unresolved,
caryocolum-fischerella,Caryocolum fischerella,,unresolved,
celypha-siderana,Celypha siderana,,unresolved,
chaoborus-spec,Chaoborus spec.,,unresolved,
cheilosia-spec,Cheilosia spec.,Carbon Blacklet,inat,1197047
chirosia-betuleti,Chirosia betuleti,Knotting Gall,inat,487156
chlorophyllum-rhacodes,Chlorophyllum rhacodes,Shaggy Parasol,inat,56535
choreutis-nemorana,Choreutis nemorana,fig-tree skeletonizer moth,inat,466473
chromatomyia-spinaciae,Chromatomyia spinaciae,,unresolved,
chromatomyia-syngenesiae,Chromatomyia syngenesiae,Chrysanthemum Leafminer,inat,417350
chrysops-relictus,Chrysops relictus,Twin-lobed Deer Fly,inat,130392
chyromyidae-indet,Chyromyidae indet.,Golden Flies,inat,329822
cladonia-coniocraea,Cladonia coniocraea,Common Powderhorn,inat,155093
clivina-fossor,Clivina fossor,Digger Slope-rumped Beetle,inat,131049
cnephasia-spec,Cnephasia spec.,,unresolved,
cnephasia-stephensiana,Cnephasia stephensiana,Gray Tortrix,inat,205209
coccinella,Coccinella,Asian Lady Beetle,inat,48484
cochylidia-rupicola,Cochylidia rupicola,Hemp-agrimony Conch,inat,527098
coenagrion-spec,Coenagrion spec.,Coenagrionoid Damselflies,inat,426081
coenosia-spec,Coenosia spec.,Tiger Flies,inat,132071
colomerus-vitis,Colomerus vitis,Grape Erineum Mite,inat,322026
coniopterygidae-indet,Coniopterygidae indet.,Dusty-winged Lacewings,inat,245154
coniopteryx-spec,Coniopteryx spec.,,unresolved,
conwentzia-psociformis,Conwentzia psociformis,common wax-fly,inat,454958
coprinellus-micaceus-sl-incl-pallidissimus-saccharinus-truncorum,"Coprinellus micaceus sl, incl. pallidissimus, saccharinus, truncorum",,unresolved,
coprinopsis-atramentaria,Coprinopsis atramentaria,Coprinopsis sect. Atramentariae,inat,1180054
coprinopsis-lagopus,Coprinopsis lagopus,hare's foot inkcap,inat,55605
coprinus-spec,Coprinus spec.,inky caps,inat,47393
coranus-spec,Coranus spec.,,unresolved,
cordylepherus-viridis,Cordylepherus viridis,,unresolved,
crambus-lathoniellus,Crambus lathoniellus,Hook-streaked Grass-veneer,inat,130102
crataerina-pallida,Crataerina pallida,Swift Lousefly,inat,498683
cremnops-desertor,Cremnops desertor,,unresolved,
crossocerus-annulipes,Crossocerus annulipes,,unresolved,
crossocerus-binotatus,Crossocerus binotatus,,unresolved,
crossocerus-spec,Crossocerus spec.,,unresolved,
cryptinae-indet,Cryptinae indet.,,unresolved,
cryptocephalus-spec,Cryptocephalus spec.,,unresolved,
cryptodiaporthe-populea,Cryptodiaporthe populea,,unresolved,
cryptosphaeria-eunomia,Cryptosphaeria eunomia,,unresolved,
cybister-lateralimarginalis,Cybister lateralimarginalis,peardrop beetle,inat,465118
cylindroiulus-caeruleocinctus,Cylindroiulus caeruleocinctus,,unresolved,
dacrymyces-stillatus,Dacrymyces stillatus,,unresolved,
dalopius-marginatus,Dalopius marginatus,margined click beetle,inat,174025
dasineura-acrophila,Dasineura acrophila,,unresolved,
dasineura-aparines,Dasineura aparines,,unresolved,
dasineura-plicatrix,Dasineura plicatrix,Blackberry Leaf Midge,inat,547093
dasineura-sisymbrii,Dasineura sisymbrii,,unresolved,
dasytes-spec,Dasytes spec.,,unresolved,
datura-stramonium-var-tatula,Datura stramonium var. tatula,,unresolved,
depressaria,Depressaria,,unresolved,
depressaria-radiella,Depressaria radiella,Parsnip Webworm,inat,493492
deraeocoris-trifasciatus,Deraeocoris trifasciatus,,unresolved,
dexiosoma-caninum,Dexiosoma caninum,,unresolved,
dichetophora-obliterata,Dichetophora obliterata,,unresolved,
dichrooscytus-intermedius,Dichrooscytus intermedius,,unresolved,
dichrooscytus-rufipennis,Dichrooscytus rufipennis,,unresolved,
dicyphus-globulifer,Dicyphus globulifer,,unresolved,
dilophus-febrilis,Dilophus febrilis,Fever Fly,inat,326610
dioctria-linearis,Dioctria linearis,Small Yellow-legged Robber Fly,inat,359369
diplazontinae-indet,Diplazontinae indet.,Hover Fly Parasitoid Wasps,inat,373341
dolichopus,Dolichopus,,unresolved,
dolichopus-lepidus,Dolichopus lepidus,,unresolved,
dolichopus-plumipes,Dolichopus plumipes,,unresolved,
donacia-clavipes,Donacia clavipes,,unresolved,
donacia-semicuprea,Donacia semicuprea,Grooved Leaf Beetle,inat,460534
dysmachus-trigonus,Dysmachus trigonus,fan-bristled robberfly,inat,325258
eccopisa-effractella,Eccopisa effractella,,unresolved,
ectemnius-sexcinctus,Ectemnius sexcinctus,,unresolved,
ectobius-vittiventris,Ectobius vittiventris,Amber Wood Cockroach,inat,468973
ectopsocus,Ectopsocus,,unresolved,
ectopsocus-briggsi,Ectopsocus briggsi,,unresolved,
encyrtidae-indet,Encyrtidae indet.,,unresolved,
enicospilus-spec,Enicospilus spec.,Enicospilus senescens species-group,inat,1631790
enolmis-acanthella,Enolmis acanthella,Spotted-seal enolmis moth,inat,325568
enoplognatha,Enoplognatha,,unresolved,
entomophthora-muscae,Entomophthora muscae,Fly Death Fungi,inat,339550
epinotia-demarniana,Epinotia demarniana,Birch Bell,inat,359777
epinotia-immundana,Epinotia immundana,Common Birch Bell,inat,357321
epinotia-nisella,Epinotia nisella,Yellow-headed Aspen Leaftier,inat,219341
epinotia-tenerana,Epinotia tenerana,Nut Bud Moth,inat,483695
erigone,Erigone,,unresolved,
erigone-dentipalpis,Erigone dentipalpis,Tooth-palped Money Spider,inat,219454
eriocampa-ovata,Eriocampa ovata,Alder Sawfly,inat,418164
eristalis-arbustorum-abusiva,Eristalis arbustorum/abusiva,Eurasian Drone Fly,inat,320786
eristalis-spec,Eristalis spec.,Drone Flies,inat,52491
erodium-trifolium,Erodium trifolium,,unresolved,
erysimum-bicolor,Erysimum bicolor,,unresolved,
erysiphe-sensu-lato,Erysiphe sensu lato,,unresolved,
ethmia-bipunctella,Ethmia bipunctella,Ethmia bipunctella group,inat,1341644
ethmia-terminella,Ethmia terminella,,unresolved,
eudemis-porphyrana,Eudemis porphyrana,Apple Marble,inat,324389
eudemis-profundana,Eudemis profundana,Diamond-back Marble,inat,324826
eumerus-spec,Eumerus spec.,,unresolved,
euphorbia-amygdaloides-subsp-robbiae,Euphorbia amygdaloides subsp. robbiae,,unresolved,
eupithecia-pulchellata-linariata,Eupithecia pulchellata / linariata,Foxglove Pug,inat,325275
eupterycyba-jucunda,Eupterycyba jucunda,,unresolved,
eupteryx-florida,Eupteryx florida,,unresolved,
eurygaster-testudinaria,Eurygaster testudinaria,Tortoise Bug,inat,504466
eurylabus-spec,Eurylabus spec.,,unresolved,
eustalomyia-hilaris,Eustalomyia hilaris,,unresolved,
eutomostethus-ephippium,Eutomostethus ephippium,Saddleback Grass-cutter,inat,130721
evergestis-pallidata,Evergestis pallidata,Purple-backed Cabbageworm Moth,inat,81685
exephanes-ischioxanthus,Exephanes ischioxanthus,,unresolved,
exetastes-adpressorius,Exetastes adpressorius,,unresolved,
fallopia-japonica-fallopia-sachalinensis-fallopia-x-bohemica,Fallopia japonica + Fallopia sachalinensis + Fallopia x bohemica,,unresolved,
fatsia,Fatsia,,unresolved,
forcipomyia-paludis,Forcipomyia paludis,,unresolved,
gambrus-carnifex,Gambrus carnifex,,unresolved,
ganoderma-resinaceum,Ganoderma resinaceum,,unresolved,
gelis-spec,Gelis spec.,,unresolved,
geranium-palustre,Geranium palustre,Marsh Crane's-bill,inat,57644
gillmeria-ochrodactyla,Gillmeria ochrodactyla,Tansy Plume Moth,inat,311373
gilpinia,Gilpinia,,unresolved,
gnophomyia,Gnophomyia,,unresolved,
gnophomyia-tristissima,Gnophomyia tristissima,,unresolved,
gonioctena-viminalis,Gonioctena viminalis,,unresolved,
gorytes-laticinctus,Gorytes laticinctus,Broad-banded Hopper Wasp,inat,470608
grapholita-lobarzewskii,Grapholita lobarzewskii,Kent Fruit Piercer,inat,1507299
gymnosporangium-clavariiforme,Gymnosporangium clavariiforme,tongues of fire,inat,407921
gypsonoma-sociana,Gypsonoma sociana,White Cloaked Shoot,inat,512735
gyrinus,Gyrinus,,unresolved,
harpalinae,Harpalinae,,unresolved,
harpalus-rubripes,Harpalus rubripes,,unresolved,
hebecnema-spec,Hebecnema spec.,,unresolved,
hedobia-imperialis,Hedobia imperialis,,unresolved,
hedychrum-gerstaeckeri,Hedychrum gerstaeckeri,,unresolved,
heleomyzidae-indet,Heleomyzidae indet.,Heleomyzid Flies,inat,154606
helina-evecta,Helina evecta,,unresolved,
helina-spec,Helina spec.,,unresolved,
heptatoma-pellucens,Heptatoma pellucens,,unresolved,
hercostomus-rusticus,Hercostomus rusticus,,unresolved,
hericium-cirrhatum,Hericium cirrhatum,Tiered tooth fungus,inat,513329
hesperis,Hesperis,,unresolved,
homoeosoma-sinuella,Homoeosoma sinuella,Twin-barred Knot-horn,inat,362639
hybomitra-solstitialis,Hybomitra solstitialis,Scarce Forest Horse Fly,inat,739470
hybos-femoratus,Hybos femoratus,,unresolved,
hydrobius-fuscipes,Hydrobius fuscipes,,unresolved,
hydropsyche-spec,Hydropsyche spec.,Spotted Sedges,inat,88985
hylaeus-nigritus,Hylaeus nigritus,Black Masked Bee,inat,548629
ichneumon,Ichneumon,Ichneumonid and Braconid Wasps,inat,47200
ichneumoninae-indet,Ichneumoninae indet.,,unresolved,
idiocerini,Idiocerini,,unresolved,
ilisia-maculata,Ilisia maculata,,unresolved,
inula-helenium-inula-racemosa,Inula helenium + Inula racemosa,,unresolved,
iteomyia-capreae,Iteomyia capreae,,unresolved,
jacobaea-spec,Jacobaea spec.,ragworts,inat,62499
jacobaea-vulgaris-subsp-vulgaris,Jacobaea vulgaris subsp. vulgaris,,unresolved,
knautia-macedonica,Knautia macedonica,Macedonian scabious,inat,429696
lactuca-serriola-f-serriola,Lactuca serriola f. serriola,prickly lettuce,inat,53107
lauritrioza-alacris,Lauritrioza alacris,Bay Sucker,inat,888158
leccinum-duriusculum,Leccinum duriusculum,Slate Bolete,inat,363590
leiobunum-rotundum,Leiobunum rotundum,Rotundum Group,inat,1072593
leiobunum-spec-a,Leiobunum spec. A,,unresolved,
lentinus-tigrinus,Lentinus tigrinus,Tiger Sawgill,inat,351365
lepthyphantes-minutus,Lepthyphantes minutus,Common Tree-weaver,inat,497180
leucoagaricus-leucothites,Leucoagaricus leucothites,White Dapperling,inat,1558279
limnaecia-phragmitella,Limnaecia phragmitella,Shy Cosmet Moth,inat,223680
limnephilus-flavicornis,Limnephilus flavicornis,,unresolved,
limnephilus-lunatus,Limnephilus lunatus,Cinnamon Sedge,inat,416812
limnephilus-spec,Limnephilus spec.,,unresolved,
lindenius-albilabris,Lindenius albilabris,,unresolved,
linyphia-hortensis,Linyphia hortensis,Garden Hammock Spider,inat,466998
liposthenes-glechomae,Liposthenes glechomae,Glechoma gall wasp,inat,61941
liriomyza-strigata,Liriomyza strigata,,unresolved,
lygus-spec,Lygus spec.,Lygus Bugs,inat,61886
lysimachia-verticillaris,Lysimachia verticillaris,,unresolved,
macaroeris,Macaroeris,,unresolved,
macropsis-spec,Macropsis spec.,,unresolved,
macrosteles-cristatus,Macrosteles cristatus,,unresolved,
malachius-bipustulatus,Malachius bipustulatus,Common Malachite-beetle,inat,326491
malvaceae-indet,Malvaceae indet.,Mallow and Hibiscus Family,inat,48797
medinilla,Medinilla,Melastomes,inat,48889
melanoleuca-verrucipes,Melanoleuca verrucipes,Warty Knight,inat,415637
melanomya,Melanomya,,unresolved,
melanotus-spec,Melanotus spec.,Australasian Swamphen,inat,418530
melica-transsilvanica,Melica transsilvanica,,unresolved,
melieria,Melieria,,unresolved,
mentha-x-rotundifolia-m-longifolia-x-m-suaveolens,Mentha x rotundifolia (M. longifolia x M. suaveolens),,unresolved,
meromyza-spec,Meromyza spec.,,unresolved,
microgastrinae-indet,Microgastrinae indet.,,unresolved,
micropeza-corrigiolata,Micropeza corrigiolata,,unresolved,
mikiola-fagi,Mikiola fagi,Beech Gall Midge,inat,244644
mintho-rufiventris,Mintho rufiventris,,unresolved,
mordellistena-spec,Mordellistena spec.,,unresolved,
nabis-spec,Nabis spec.,,unresolved,
nemapogon-spec,Nemapogon spec.,,unresolved,
nemesia-melissifolia,Nemesia melissifolia,,unresolved,
neocrepidodera-spec,Neocrepidodera spec.,,unresolved,
neomochtherus-geniculatus,Neomochtherus geniculatus,,unresolved,
nepeta-x-faassenii-n-nepetella-x-n-racemosa,Nepeta x faassenii (N. nepetella x N. racemosa),,unresolved,
nephrotoma-flavescens,Nephrotoma flavescens,,unresolved,
nephrotoma-flavipalpis,Nephrotoma flavipalpis,,unresolved,
nephrotoma-guestfalica,Nephrotoma guestfalica,,unresolved,
norellisoma-spinimanum,Norellisoma spinimanum,Large Mantis Dung Fly,inat,356340
notiphila-spec,Notiphila spec.,,unresolved,
notostira,Notostira,,unresolved,
notostira-elongata,Notostira elongata,elongated grass bug,inat,538928
obrium-cantharinum,Obrium cantharinum,rare brown longhorn beetle,inat,547846
odiellus-spinosus,Odiellus spinosus,,unresolved,
odontomyia-tigrina,Odontomyia tigrina,Black Colonel,inat,736824
oedemera,Oedemera,,unresolved,
oedemeridae-indet,Oedemeridae indet.,False Blister Beetles,inat,61845
oenothera-deflexa,Oenothera deflexa,northern evening-primrose,inat,165812
oncopsis-spec,Oncopsis spec.,,unresolved,
onopordum-x-beckianum-o-acanthium-x-o-illyricum,Onopordum x beckianum (O. acanthium x O. illyricum),,unresolved,
ophonus-rufibarbis,Ophonus rufibarbis,,unresolved,
opomyza-germinationis-petrei,Opomyza germinationis/petrei,,unresolved,
orchesella-villosa,Orchesella villosa,Shaggy Springtail,inat,487130
orchestes-rusci,Orchestes rusci,,unresolved,
orientus-ishidae,Orientus ishidae,Japanese Leafhopper,inat,203320
orthonotus-rufifrons,Orthonotus rufifrons,,unresolved,
orthops-basalis,Orthops basalis,,unresolved,
orthotylus-marginalis,Orthotylus marginalis,,unresolved,
otiorhynchus-aurifer,Otiorhynchus aurifer,,unresolved,
otiorhynchus-pseudonothus,Otiorhynchus pseudonothus,,unresolved,
otiorhynchus-rugosostriatus,Otiorhynchus rugosostriatus,Rough strawberry root weevil,inat,604471
otiorhynchus-spec,Otiorhynchus spec.,,unresolved,
oxybelus-uniglumis,Oxybelus uniglumis,,unresolved,
pachygaster-leachii,Pachygaster leachii,Yellow-legged Black,inat,736837
pammene-fasciana,Pammene fasciana,Acorn Piercer,inat,362641
pammene-regiana,Pammene regiana,Regal Piercer,inat,320539
pamphilius-inanitus,Pamphilius inanitus,Belted Rose Spinner,inat,1049097
panimerus-spec,Panimerus spec.,,unresolved,
papaver-rhoeas-cultivar,Papaver rhoeas (cultivar),,unresolved,
parachronistis-albiceps,Parachronistis albiceps,,unresolved,
paracorymbia-fulva,Paracorymbia fulva,tawny longhorn beetle,inat,506735
parhelophilus-spec,Parhelophilus spec.,Bog Flies,inat,321476
passaloecus-corniger,Passaloecus corniger,,unresolved,
passaloecus-spec,Passaloecus spec.,Picket-boring Aphid Wasps,inat,497962
pediasia-contaminella,Pediasia contaminella,Waste Grass-veneer,inat,322382
pediopsis-tiliae,Pediopsis tiliae,lime leafhopper,inat,227350
periclista-spec,Periclista spec.,,unresolved,
peripsychoda-auriculata,Peripsychoda auriculata,,unresolved,
peripsychoda-spec,Peripsychoda spec.,,unresolved,
perovskia-abrotanoides,Perovskia abrotanoides,Clouding Sage,inat,941722
perovskia-abrotanoides-x-perovskia-atriplicifolia,Perovskia abrotanoides x Perovskia atriplicifolia,,unresolved,
phania-funesta,Phania funesta,,unresolved,
pherbellia-cinerella,Pherbellia cinerella,,unresolved,
philodromus-albidus,Philodromus albidus,,unresolved,
phoridae-indet,Phoridae indet.,Humpbacked Flies,inat,55351
phycita-roborella,Phycita roborella,Dotted Oak Knot-horn,inat,465844
phyllocoptes-eupadi,Phyllocoptes eupadi,,unresolved,
phyllonorycter-muelleriella,Phyllonorycter muelleriella,Western Midget,inat,875791
phyllosticta-cruenta,Phyllosticta cruenta,,unresolved,
phytocoris-varipes,Phytocoris varipes,long-legged plant bug,inat,469913
phytomyza,Phytomyza,,unresolved,
phytomyza-aquilegiae,Phytomyza aquilegiae,,unresolved,
phytomyza-lappae,Phytomyza lappae,,unresolved,
phytomyza-spondylii-pastinacae,Phytomyza spondylii + pastinacae,,unresolved,
phytoptus-abnormis,Phytoptus abnormis,,unresolved,
pieris-rapae-napi,Pieris rapae/napi,Small White,inat,55626
pimpla-rufipes,Pimpla rufipes,Black Slip Wasp,inat,496161
piniphila-bifasciana,Piniphila bifasciana,Pine Marble,inat,358819
pipunculidae-indet,Pipunculidae indet.,Big-headed Flies,inat,144038
piratula-latitans,Piratula latitans,,unresolved,
pithanus-maerkelii,Pithanus maerkelii,,unresolved,
plagiosterna-aenea,Plagiosterna aenea,,unresolved,
planariidae,Planariidae,,unresolved,
plateumaris-bracata,Plateumaris bracata,,unresolved,
platyptilia-gonodactyla,Platyptilia gonodactyla,Triangle Plume Moth,inat,127432
plectosphaerella-alismatis,Plectosphaerella alismatis,,unresolved,
pneumia-nubila-trivialis,Pneumia nubila/trivialis,,unresolved,
polypodium-interjectum-polypodium-vulgare,Polypodium interjectum + Polypodium vulgare,Manton's Polypody,inat,963198
pompilus-cinereus,Pompilus cinereus,,unresolved,
populus-nigra-italica,Populus nigra 'Italica',Lombardy Poplar,inat,339979
primula-bulleyana-bulleyana,Primula bulleyana bulleyana,Bulley's Primrose,inat,484806
pristiphora-pallidiventris,Pristiphora pallidiventris,Yellow-bellied Sawyer,inat,928657
procambarus,Procambarus,,unresolved,
proteroiulus-fuscus,Proteroiulus fuscus,Ochre Snake Millipede,inat,336997
protomyces-macrosporus,Protomyces macrosporus,,unresolved,
psyllopsis-spec,Psyllopsis spec.,,unresolved,
pterostichus-niger,Pterostichus niger,Great Blackclock,inat,131934
pterostichus-spec,Pterostichus spec.,Blackclock Ground Beetles,inat,121186
puccinia-aegopodii,Puccinia aegopodii,,unresolved,
puccinia-allii,Puccinia allii,,unresolved,
rabdophaga-rosaria,Rabdophaga rosaria,Willow Rose Gall Midge,inat,494431
ranunculus-lanuginosus,Ranunculus lanuginosus,Woolly Buttercup,inat,145537
rhadinoceraea-micans,Rhadinoceraea micans,Iris Sawfly,inat,467183
rhagoletis-alternata,Rhagoletis alternata,Rose Hip Fly,inat,632276
rhantus-suturalis,Rhantus suturalis,Cosmopolitan Diving Beetle,inat,342213
rhaphium-spec,Rhaphium spec.,,unresolved,
rhembobius-perscrutator,Rhembobius perscrutator,,unresolved,
rhogogaster-viridis-s-l,Rhogogaster viridis s.l.,,unresolved,
rhopalus-subrufus,Rhopalus subrufus,hypericum rhopalid,inat,327208
sambucus-nigra-laciniata,Sambucus nigra 'Laciniata',Cut-leaved Elder,inat,319690
sarcophagidae-indet,Sarcophagidae indet.,Flesh Flies and Satellite Flies,inat,52910
sawadaea-bicornis,Sawadaea bicornis,,unresolved,
sciapus-platypterus,Sciapus platypterus,,unresolved,
sciota-rhenella,Sciota rhenella,,unresolved,
scolopostethus-decoratus,Scolopostethus decoratus,decorated groundbug,inat,451688
scoparia-basistrigalis-ambigualis,Scoparia basistrigalis/ambigualis,Base-lined Grey,inat,467933
scraptiidae-indet,Scraptiidae indet.,False Flower Beetles,inat,173241
scymnus-schmidti-gr,Scymnus schmidti-gr,,unresolved,
sedum-pallidum,Sedum pallidum,Turkish stonecrop,inat,496087
seioptera-vibrans,Seioptera vibrans,Dark-tipped Wingwaver,inat,606911
sepsis-spec,Sepsis spec.,,unresolved,
sphaeroderma-spec,Sphaeroderma spec.,,unresolved,
sphaeromias-spec,Sphaeromias spec.,,unresolved,
sphecodes-albilabris,Sphecodes albilabris,White-lipped Blood Bee,inat,154661
sphecodes-spec,Sphecodes spec.,Sweat Bees,inat,49707
spintherophyta,Spintherophyta,,unresolved,
splanchnonema-platani,Splanchnonema platani,Sycamore Splank,inat,1258367
stemonitis-axifera,Stemonitis axifera,,unresolved,
stenolophus-mixtus,Stenolophus mixtus,,unresolved,
stevenia-deceptoria,Stevenia deceptoria,Grizzled Woodlouse-fly,inat,465750
stricticollis-tobias,Stricticollis tobias,Double-dotted Anthicid,inat,925313
stropharia-rugosoannulata,Stropharia rugosoannulata,Wine-cap Stropharia,inat,119151
suillia-spec,Suillia spec.,,unresolved,
swammerdamia-pyrella,Swammerdamia pyrella,Little Ermel,inat,362414
symmorphus-crassicornis,Symmorphus crassicornis,,unresolved,
symplecta-stictica,Symplecta stictica,,unresolved,
tachycixius-pilosus,Tachycixius pilosus,spotted lacehopper,inat,547019
tachydromia,Tachydromia,,unresolved,
tachysphex-pompiliformis,Tachysphex pompiliformis,,unresolved,
tagetes-spec,Tagetes spec.,Marigolds,inat,72389
tasgius,Tasgius,,unresolved,
tegenaria-parietina,Tegenaria parietina,Cardinal Spider,inat,506586
tegenaria-spec,Tegenaria spec.,Giant House Spider Complex,inat,1446402
tenthredo-spec,Tenthredo spec.,,unresolved,
tephritis,Tephritis,,unresolved,
terellia-tussilaginis,Terellia tussilaginis,Banded Burdock Fly,inat,488516
tetraneura-ulmi,Tetraneura ulmi,Elm Sack Gall Aphid,inat,127163
tetrix-spec,Tetrix spec.,,unresolved,
thaumatomyia-spec,Thaumatomyia spec.,,unresolved,
thelaira-nigripes,Thelaira nigripes,,unresolved,
thera-britannica-variata,Thera britannica / variata,Spruce Carpet,inat,371717
thereva-cinifera,Thereva cinifera,,unresolved,
tinea-pellionella,Tinea pellionella,Case-bearing Clothes Moth,inat,193928
tinocallis,Tinocallis,,unresolved,
tiphia-minuta,Tiphia minuta,,unresolved,
tipula-fascipennis,Tipula fascipennis,Tipula fascipennis species group,inat,1634693
tipula-lunata,Tipula lunata,Tipula lunata species group,inat,1634687
tipula-paludosa-oleracea,Tipula paludosa/oleracea,European Crane Fly,inat,61917
tremulicerus-tremulae,Tremulicerus tremulae,,unresolved,
tremulicerus-vitreus,Tremulicerus vitreus,,unresolved,
trifolieae,Trifolieae,,unresolved,
trifolium-rubens,Trifolium rubens,Red Trefoil,inat,244538
trupanea-stellata,Trupanea stellata,Star-winged Ragwort Fly,inat,546372
turritella-socordia,Turritella socordia,,unresolved,
vespinae-indet,Vespinae indet.,Hornets and Yellowjackets,inat,84738
xantholinus,Xantholinus,,unresolved,
xanthorhoe-ferrugata-spadicearia,Xanthorhoe ferrugata / spadicearia,Dark-barred Twin-spot Carpet,inat,143485
xanthoria-calcicola,Xanthoria calcicola,,unresolved,
xanthostigma-xanthostigma,Xanthostigma xanthostigma,,unresolved,
xerocomus-chrysenteron-sl-incl-bubalinus-cisalpinus-declivitatum-porosporus,"Xerocomus chrysenteron sl, incl. bubalinus, cisalpinus, declivitatum, porosporus",,unresolved,
xiphydria-camelus,Xiphydria camelus,alder wood wasp,inat,775763
xiphydria-prolongata,Xiphydria prolongata,willow wood wasp,inat,703313
xorides-alpestris,Xorides alpestris,,unresolved,
xylaria-polymorpha,Xylaria polymorpha,dead man's fingers,inat,58698
xyleborinus,Xyleborinus,,unresolved,
xysticus-spec,Xysticus spec.,Ground Crab Spiders,inat,61903
yponomeuta-malinellus,Yponomeuta malinellus,,unresolved,
yponomeuta-plumbella,Yponomeuta plumbella,Black-tipped Ermine,inat,324219
zimmermannia-longicaudella-atrifrontella,Zimmermannia longicaudella / atrifrontella,,unresolved,
zoropsis-spinimana,Zoropsis spinimana,Mediterranean Spiny False Wolf Spider,inat,127112
Abelia,Abelia,"abelias, twinflowers and allies",inat,345606
Abies,Abies,firs,inat,54262
Acer,Acer,soapberry family,inat,58321
Aesculus,Aesculus,buckeyes and horse-chestnuts,inat,53350
Ailanthus,Ailanthus,ailanthuses,inat,57280
Albizia,Albizia,"Mimosa, silk trees, false-thorns, and allies",inat,47451
Alnus,Alnus,alders,inat,53352
Amelanchier,Amelanchier,serviceberries,inat,49230
Aralia,Aralia,"carrots, ivies, and allies",inat,48700
Araucaria,Araucaria,conifers,inat,136329
Arbutus,Arbutus,madrones,inat,51047
Asimina,Asimina,pawpaws,inat,50900
Berberis,Berberis,barberry family,inat,49289
Betula,Betula,"beeches, oaks, walnuts, and allies",inat,47853
Broussonetia,Broussonetia,paper mulberries,inat,128033
Buxus,Buxus,boxes,inat,133400
Calocedrus,Calocedrus,incense-cedars,inat,53727
Carpinus,Carpinus,hornbeams,inat,54769
Carya,Carya,hickories,inat,54788
Castanea,Castanea,Chestnuts,inat,49187
Catalpa,Catalpa,Catalpas,inat,50861
Cedrus,Cedrus,Cedar Waxwing,inat,7428
Celtis,Celtis,hackberries,inat,54858
Cephalotaxus,Cephalotaxus,plum-yews,inat,47558
Cercidiphyllum,Cercidiphyllum,,unresolved,
Cercis,Cercis,redbuds,inat,48801
Chaenomeles,Chaenomeles,Flowering quinces,inat,61237
Chamaecyparis,Chamaecyparis,False Cypress,inat,69757
Chimonanthus,Chimonanthus,winter sweets,inat,49115
Chionanthus,Chionanthus,fringetrees and allies,inat,54655
Chitalpa,Chitalpa,,unresolved,
Choisya,Choisya,tropical speedwell,inat,162913
Cladrastis,Cladrastis,yellowwoods,inat,117431
Clerodendrum,Clerodendrum,Glorybowers,inat,67538
Clethra,Clethra,clethra family,inat,48212
Cornus,Cornus,dogwoods,inat,47193
Corylopsis,Corylopsis,winterhazels,inat,184024
Corylus,Corylus,hazels,inat,53373
Cotinus,Cotinus,smoketrees,inat,133368
Cotoneaster,Cotoneaster,Cotoneasters,inat,53376
Crataegus,Crataegus,hawthorns,inat,51148
Crataemespilus,Crataemespilus,hawthorns,inat,51148
Cryptomeria,Cryptomeria,Sugis,inat,71148
Cudrania,Cudrania,osage-oranges,inat,58206
Cunninghamia,Cunninghamia,River sheoak,inat,160233
Cupressocyparis,Cupressocyparis,Leyland cypress,inat,1515671
Cupressus,Cupressus,cypresses,inat,49292
Cyclocarya,Cyclocarya,,unresolved,
Cydonia,Cydonia,,unresolved,
Davidia,Davidia,,unresolved,
Diospyros,Diospyros,persimmons,inat,83434
Dipelta,Dipelta,,unresolved,
Elaeagnus,Elaeagnus,oleasters,inat,64696
Emmenopterys,Emmenopterys,,unresolved,
Eriobotrya,Eriobotrya,Loquats,inat,72119
Eucommia,Eucommia,Gutta-percha family,inat,71511
Euonymus,Euonymus,spindles,inat,47538
Fagus,Fagus,beeches,inat,49203
Ficus,Ficus,Figs,inat,50999
Firmiana,Firmiana,,unresolved,
Fothergilla,Fothergilla,witch-alders,inat,131646
Frangula,Frangula,False-Buckthorns,inat,53424
Fraxinus,Fraxinus,ashes,inat,54806
Ginkgo,Ginkgo,ginkgos,inat,151882
Gleditsia,Gleditsia,honey locusts,inat,48498
Glyptostrobus,Glyptostrobus,Chinese swamp cypresses,inat,129794
Gymnocladus,Gymnocladus,coffeetrees,inat,54799
Halesia,Halesia,silverbells,inat,157425
Hamamelis,Hamamelis,witch-hazels,inat,51971
Heptacodium,Heptacodium,,unresolved,
Hibiscus,Hibiscus,Mallow and Hibiscus Family,inat,48797
Hippophae,Hippophae,Sea buckthorns,inat,157648
Hydrangea,Hydrangea,"dogwoods, hydrangeas, and allies",inat,47195
Idesia,Idesia,,unresolved,
Ilex,Ilex,hollies,inat,53854
Itea,Itea,sweetspire family,inat,71545
Juglans,Juglans,Walnuts,inat,54495
Juniperus,Juniperus,junipers,inat,47574
Kalopanax,Kalopanax,,unresolved,
Koelreuteria,Koelreuteria,,unresolved,
Kolkwitzia,Kolkwitzia,,unresolved,
Laburnum,Laburnum,Laburnums,inat,51811
Lagerstroemia,Lagerstroemia,crape-myrtles,inat,68717
Larix,Larix,larches,inat,55571
Leucothoe,Leucothoe,doghobble,inat,72216
Leycesteria,Leycesteria,,unresolved,
Ligustrum,Ligustrum,privets,inat,69819
Liquidambar,Liquidambar,"saxifrages, stonecrops, and allies",inat,71289
Liriodendron,Liriodendron,Tulip trees,inat,53580
Maackia,Maackia,Maackias,inat,133365
Magnolia,Magnolia,Dicots,inat,47124
Mahonia,Mahonia,Barberries,inat,58728
Malus,Malus,apples and crabapples,inat,54500
Meliosma,Meliosma,,unresolved,
Mespilus,Mespilus,hawthorns,inat,51148
Metasequoia,Metasequoia,dawn redwoods,inat,69152
Morus,Morus,mulberry and fig family,inat,50998
Nandina,Nandina,,unresolved,
Nothofagus,Nothofagus,Southern Beeches,inat,70249
Nyssa,Nyssa,tupelo family,inat,532720
Oemleria,Oemleria,,unresolved,
Olea,Olea,Dogbane Family,inat,47362
Osmanthus,Osmanthus,Sweet olives,inat,156674
Ostrya,Ostrya,hop-hornbeams,inat,54772
Parrotia,Parrotia,,unresolved,
Parrotiopsis,Parrotiopsis,,unresolved,
Paulownia,Paulownia,foxglove tree family,inat,71586
Phellodendron,Phellodendron,Corktrees,inat,156609
Photinia,Photinia,Toyon,inat,53405
Physocarpus,Physocarpus,ninebarks,inat,57251
Picea,Picea,spruces,inat,63573
Picrasma,Picrasma,,unresolved,
Pinus,Pinus,pines,inat,47561
Planera,Planera,water elms,inat,122114
Platanus,Platanus,planes,inat,49664
Platycladus,Platycladus,,unresolved,
Podocarpus,Podocarpus,plum pines,inat,85284
Poncirus,Poncirus,citrus,inat,54297
Populus,Populus,"poplars, cottonwoods, and aspens",inat,47566
Prunus,Prunus,"plums, cherries, and allies",inat,47351
Pseudolarix,Pseudolarix,False Larch,inat,129806
Pseudopanax,Pseudopanax,lancewoods and five fingers,inat,54630
Pseudotsuga,Pseudotsuga,Douglas-firs,inat,48257
Ptelea,Ptelea,hoptrees,inat,50624
Pterocarya,Pterocarya,Wingnuts,inat,72325
Pterostyrax,Pterostyrax,,unresolved,
Pyrus,Pyrus,pears,inat,58736
Quercus,Quercus,oaks,inat,47851
Rhamnus,Rhamnus,Buckthorns,inat,54812
Rhododendron,Rhododendron,rhododendrons and azaleas,inat,49487
Rhus,Rhus,sumacs,inat,54765
Robinia,Robinia,Locust Trees,inat,56089
Rosa,Rosa,"Roses, Elms, Figs, and Allies",inat,47132
Salix,Salix,Willows,inat,53453
Sambucus,Sambucus,elders,inat,52689
Sarcococca,Sarcococca,sweet boxes,inat,273010
Sassafras,Sassafras,Sassafras,inat,54796
Sciadopitys,Sciadopitys,koyamakis,inat,129059
Sequoia,Sequoia,Redwoods and Sequoias,inat,1150916
Sequoiadendron,Sequoiadendron,giant sequoias,inat,59531
Skimmia,Skimmia,,unresolved,
Sorbus,Sorbus,Rowans and Mountain Ashes,inat,48582
Staphylea,Staphylea,bladdernut family,inat,71424
Stewartia,Stewartia,Traveller's joy,inat,582302
Styphnolobium,Styphnolobium,,unresolved,
Styrax,Styrax,American sweetgum,inat,49658
Sycoparrotia,Sycoparrotia,,unresolved,
Symplocos,Symplocos,symplocos family,inat,71637
Syringa,Syringa,Lilacs,inat,47732
Tamarix,Tamarix,tamarisk family,inat,51304
Taxodium,Taxodium,baldcypresses,inat,49667
Taxus,Taxus,yew family,inat,47556
Tetracentron,Tetracentron,cartwheel trees and Tetracentrons,inat,71290
Tetradium,Tetradium,,unresolved,
Thuja,Thuja,arborvitaes,inat,48253
Thujopsis,Thujopsis,,unresolved,
Tilia,Tilia,Mallow and Hibiscus Family,inat,48797
Toona,Toona,,unresolved,
Torreya,Torreya,yew family,inat,47556
Trachycarpus,Trachycarpus,,unresolved,
Tsuga,Tsuga,hemlocks,inat,48255
Ulmus,Ulmus,elms,inat,53549
Viburnum,Viburnum,elder family,inat,781703
Weigela,Weigela,bush honeysuckles and Weigela bushes,inat,345604
Zanthoxylum,Zanthoxylum,prickly-ashes,inat,54837
Zelkova,Zelkova,Zelkovas,inat,129056
Ziziphus,Ziziphus,Jujubes,inat,49042
